[
  {
    "ParameterKey": "OrganizationName",
    "ParameterValue": ""
  },
  {
    "ParameterKey": "OrganizationId",
    "ParameterValue": ""
  },
  {
    "ParameterKey": "RootOUID",
    "ParameterValue": ""
  },
  {
    "ParameterKey": "AuditAccountID",
    "ParameterValue": ""
  },
  {
    "ParameterKey": "SecurityOUID",
    "ParameterValue": ""
  },
  {
    "ParameterKey": "ExecutionName",
    "ParameterValue": ""
  },
  {
    "ParameterKey": "RolePrefix",
    "ParameterValue": "gc-"
  },
  {
    "ParameterKey": "AccelRolePrefix",
    "ParameterValue": "AWSA-"
  },
  {
    "ParameterKey": "AcceleratorRole",
    "ParameterValue": "OrganizationAccountAccessRole"
  },
  {
    "ParameterKey": "PipelineBucket",
    "ParameterValue": ""
  },
  {
    "ParameterKey": "DestBucketName",
    "ParameterValue": ""
  },
  {
    "ParameterKey": "EvidenceBucketName",
    "ParameterValue": ""
  },
  {
    "ParameterKey": "AWSConfigConformsBucketName",
    "ParameterValue": ""
  },
  {
    "ParameterKey": "AdditionalAssessmentAdminRoleARN",
    "ParameterValue": ""
  },
  {
    "ParameterKey": "BGA1",
    "ParameterValue": ""
  },
  {
    "ParameterKey": "BGA2",
    "ParameterValue": ""
  }
]