{
    "Version": "2012-10-17",
    "Statement": [
        {
            "Sid": "AllowOrganizationToReadPipelineBucket",
            "Effect": "Allow",
            "Principal": "*",
            "Action": [
                "s3:GetObject",
                "s3:ListBucket"
            ],
            "Resource": [
                "arn:aws:s3:::{PIPELINE_BUCKET}",
                "arn:aws:s3:::{PIPELINE_BUCKET}/*"
            ],
            "Condition": {
                "StringEquals": {
                    "aws:PrincipalOrgID": "{ORGANIZATION_ID}"
                }
            }
        }
    ]
}